State,Branch Name,City,Lat,Long,,,,,,
Arkansas,City Electric Supply Lowell,Lowell,36.244171,-94.13471,,,,,,
Arkansas,City Electric Supply Conway,Conway,35.0936073,-92.439017,,,,,,
Arkansas,City Electric Supply Batesville,Batesville,35.76661,-91.64753,,,,,,
Arkansas,City Electric Supply Jonesboro,Jonesboro,35.8080433,-90.6495367,,,,,,
Arkansas,City Electric Supply Alexander,Alexander,34.6405122,-92.4428259,,,,,,
Florida,City Electric Supply Florida City,Florida City,25.4577693,-80.4797378,,,,,,
Florida,City Electric Supply Tampa Central,Tampa Central,28.015427,-82.4599417,,,,,,
Florida,City Electric Supply Miami Central,Miami Central,25.7623035,-80.30879,,,,,,
Florida,City Electric Supply Orlando South,Orlando South,28.4627345,-81.3699809,,,,,,
Florida,City Electric Supply Fort Lauderdale North,Fort Lauderdale North,26.1915325,-80.1579948,,,,,,
Florida,City Electric Supply Medley,Medley,25.8247035,-80.3164919,,,,,,
Florida,City Electric Supply Orlando Central,Orlando Central,28.5078192,-81.4278671,,,,,,
Florida,City Electric Supply Miami Gardens,Miami Gardens,25.9141173,-80.2555505,,,,,,
Florida,City Electric Supply Hollywood,Hollywood,26.0234266,-80.1482624,,,,,,
Florida,City Electric Supply Miramar,Miramar,25.9769962,-80.3069223,,,,,,
Florida,City Electric Supply West Palm Beach,West Palm Beach,26.7075787,-80.104038,,,,,,
Florida,City Electric Supply West Park,West Park,25.991171,-80.2080404,,,,,,
Florida,City Electric Supply Palm Harbor,Palm Harbor,28.0498767,-82.739637,,,,,,
Florida,City Electric Supply Winter Haven,Winter Haven,28.0459127,-81.7767284,,,,,,
Florida,City Electric Supply Kissimmee,Kissimmee,28.320508,-81.3920272,,,,,,
Florida,City Electric Supply St. Petersburg,St. Petersburg,27.7913075,-82.6719153,,,,,,
Florida,City Electric Supply St. Augustine,St. Augustine,29.8704672,-81.3317482,,,,,,
Florida,City Electric Supply Clearwater,Clearwater,27.8866724,-82.7154442,,,,,,
Florida,City Electric Supply Port St. Lucie,Port St. Lucie,27.3324397,-80.4071411,,,,,,
Florida,City Electric Supply Clermont,Clermont,28.567531,-81.7337477,,,,,,
Florida,City Electric Supply Mandarin,Mandarin,30.1494918,-81.6409217,,,,,,
Florida,City Electric Supply Altamonte Springs,Altamonte Springs,28.6550469,-81.4238566,,,,,,
Florida,City Electric Supply Wynwood,Wynwood,25.8097965,-80.199215,,,,,,
Florida,City Electric Supply Pompano,Pompano,26.2696647,-80.1359236,,,,,,
Florida,City Electric Supply Bradenton,Bradenton,27.4782785,-82.5544148,,,,,,
Florida,City Electric Supply Sanford FL,Sanford FL,28.7739932,-81.2773919,,,,,,
Florida,City Electric Supply Lake Worth,Lake Worth,26.628516,-80.1124898,,,,,,
Florida,City Electric Supply Fort Lauderdale South,Fort Lauderdale South,26.1226485,-80.1552695,,,,,,
Florida,City Electric Supply Ocala,Ocala,29.1833729,-82.170082,,,,,,
Florida,City Electric Supply Davie,Davie,26.070558,-80.2106063,,,,,,
Florida,City Electric Supply Riviera Beach,Riviera Beach,26.7907504,-80.092455,,,,,,
Florida,City Electric Supply North Port,North Port,27.091445,-82.1584862,,,,,,
Florida,City Electric Supply Summerfield,Summerfield,28.9872613,-81.9904397,,,,,,
Florida,City Electric Supply Cooper City,Cooper City,26.0524461,-80.3124616,,,,,,
Florida,City Electric Supply Oviedo,Oviedo,28.62083,-81.215003,,,,,,
Florida,City Electric Supply Orlando West,Orlando West,28.5569104,-81.5448143,,,,,,
Florida,City Electric Supply Daytona Beach,Daytona Beach,29.244396,-81.062806,,,,,,
Florida,City Electric Supply Cape Coral,Cape Coral,26.6345753,-81.9508658,,,,,,
Florida,City Electric Supply Brandon,Brandon,27.9350874,-82.2967618,,,,,,
Florida,City Electric Supply Sarasota,Sarasota,27.299169,-82.5250067,,,,,,
Florida,City Electric Supply Sweetwater,Sweetwater,25.7939644,-80.3720646,,,,,,
Florida,City Electric Supply Gainesville East,Gainesville East,29.6754278,-82.3028199,,,,,,
Florida,City Electric Supply Boca Raton,Boca Raton,26.3649916,-80.0885993,,,,,,
Florida,City Electric Supply Leesburg,Leesburg,28.8171794,-81.847396,,,,,,
Florida,City Electric Supply Lakeland,Lakeland,28.0403582,-81.941358,,,,,,
Florida,City Electric Supply St Cloud,St Cloud,28.2449241,-81.2535201,,,,,,
Florida,City Electric Supply Palm Coast,Palm Coast,29.476321,-81.2380233,,,,,,
Florida,City Electric Supply Palm City,Palm City,27.1090265,-80.26729,,,,,,
Florida,City Electric Supply Brooksville,Brooksville,28.5558187,-82.3906106,,,,,,
Florida,City Electric Supply Palm Bay,Palm Bay,28.0313268,-80.606029,,,,,,
Florida,City Electric Supply Chiefland,Chiefland,29.480171,-82.8594742,,,,,,
Florida,City Electric Supply Miami South,Miami South,25.646862,-80.3347674,,,,,,
Florida,City Electric Supply Hudson,Hudson,28.3993993,-82.661021,,,,,,
Florida,City Electric Supply Winter Park,Winter Park,28.5785203,-81.3065287,,,,,,
Florida,City Electric Supply Tallahassee West,Tallahassee West,30.4495949,-84.3567516,,,,,,
Florida,City Electric Supply Venice,Venice,27.0852839,-82.4262808,,,,,,
Florida,City Electric Supply Kendall,Kendall,25.6563086,-80.3816535,,,,,,
Florida,City Electric Supply East Hialeah,East Hialeah,25.8623916,-80.2618864,,,,,,
Florida,City Electric Supply,,Missing City/State,,,,,,,
Florida,City Electric Supply Apopka,Apopka,28.6755361,-81.5201043,,,,,,
Florida,City Electric Supply Boynton Beach,Boynton Beach,26.5174877,-80.0616807,,,,,,
Florida,City Electric Supply Melbourne,Melbourne,28.1015956,-80.6904938,,,,,,
Florida,City Electric Supply Tampa East,Tampa East,27.9564682,-82.3594243,,,,,,
Florida,City Electric Supply New Port Richey,New Port Richey,28.2454592,-82.7271836,,,,,,
Florida,City Electric Supply Port Orange,Port Orange,29.1363987,-80.9925032,,,,,,
Florida,City Electric Supply Miami North,Miami North,25.9127732,-80.1589281,,,,,,
Florida,City Electric Supply Coconut Creek,Coconut Creek,26.3103895,-80.1898198,,,,,,
Florida,City Electric Supply Alachua,Alachua,29.7628389,-82.5280135,,,,,,
Florida,City Electric Supply Panama City,Panama City,30.1590552,-85.6576062,,,,,,
Florida,City Electric Supply Stuart,Stuart,27.188633,-80.245035,,,,,,
Florida,City Electric Supply Jacksonville Central,Jacksonville Central,30.3359313,-81.6739746,,,,,,
Florida,City Electric Supply Lake City,Lake City,30.1834905,-82.6534134,,,,,,
Florida,City Electric Supply Tampa South,Tampa South,27.888121,-82.515854,,,,,,
Florida,City Electric Supply East Miami Airport,East Miami Airport,25.7967201,-80.2384247,,,,,,
Florida,City Electric Supply Wildwood,Wildwood,28.878303,-82.030077,,,,,,
Florida,City Electric Supply Fort Myers,Fort Myers,26.5687374,-81.8524843,,,,,,
Florida,City Electric Supply Sebring,Sebring,27.5205581,-81.4950947,,,,,,
Florida,City Electric Supply Deland,Deland,29.0131249,-81.3222063,,,,,,
Florida,City Electric Supply Okeechobee,Okeechobee,27.2430042,-80.8440905,,,,,,
Florida,City Electric Supply Wellington,Wellington,26.6359558,-80.2223922,,,,,,
Florida,City Electric Supply Orange Park,Orange Park,30.1347216,-81.7766637,,,,,,
Florida,City Electric Supply Merritt Island,Merritt Island,28.354328,-80.693553,,,,,,
Florida,City Electric Supply Land O Lakes,Land O Lakes,28.1894006,-82.4672475,,,,,,
Florida,City Electric Supply Zephyrhills,Zephyrhills,28.2443117,-82.1860678,,,,,,
Florida,City Electric Supply Fort Walton Beach,Fort Walton Beach,30.4152825,-86.6069679,,,,,,
Florida,City Electric Supply Medley West,Medley West,25.8406526,-80.3264404,,,,,,
Florida,City Electric Supply Tamarac,Tamarac,26.2075773,-80.2881003,,,,,,
Florida,City Electric Supply Fort Myers East,Fort Myers East,26.6620117,-81.8027977,,,,,,
Florida,City Electric Supply Live Oak,Live Oak,30.288024,-82.9549906,,,,,,
Florida,City Electric Supply Hialeah,Hialeah,25.8938957,-80.3313795,,,,,,
Florida,City Electric Supply Destin,Destin,30.3865994,-86.411049,,,,,,
Florida,City Electric Supply Jupiter,Jupiter,26.9389951,-80.0966869,,,,,,
Florida,City Electric Supply Vero Beach,Vero Beach,27.6001397,-80.3839642,,,,,,
Florida,City Electric Supply Palatka,Palatka,29.6462798,-81.674994,,,,,,
Florida,City Electric Supply Naples,Naples,26.224022,-81.782708,,,,,,
Florida,City Electric Supply Fernandina Beach,Fernandina Beach,30.6169704,-81.5109476,,,,,,
Florida,City Electric Supply Jacksonville North,Jacksonville North,30.4522393,-81.6365097,,,,,,
Florida,City Electric Supply Lake Wales,Lake Wales,27.8735775,-81.5976788,,,,,,
Florida,City Electric Supply Carrollwood,Carrollwood,28.0296065,-82.5266111,,,,,,
Florida,City Electric Supply Middleburg,Middleburg,30.072217,-81.86324,,,,,,
Florida,City Electric Supply Mount Dora,Mount Dora,28.8083805,-81.6808607,,,,,,
Florida,City Electric Supply Milton,Milton,30.5794382,-87.0868689,,,,,,
Florida,City Electric Supply Titusville,Titusville,28.6148392,-80.8132061,,,,,,
Florida,City Electric Supply Lecanto,Lecanto,28.8533219,-82.4544915,,,,,,
Florida,City Electric Supply Edgewater,Edgewater,28.9914061,-80.9118451,,,,,,
Florida,City Electric Supply Palm Beach Airport,Palm Beach Airport,26.6927907,-80.0702495,,,,,,
Florida,City Electric Supply Key West,Key West,24.5912419,-81.6800574,,,,,,
Florida,City Electric Supply Rockledge,Rockledge,28.3044675,-80.719099,,,,,,
Florida,City Electric Supply Jacksonville Beach,Jacksonville Beach,30.2864233,-81.4002813,,,,,,
Florida,City Electric Supply Pensacola South,Pensacola South,30.4100901,-87.2631893,,,,,,
Florida,City Electric Supply Fort Pierce,Fort Pierce,27.4053225,-80.3342915,,,,,,
Florida,City Electric Supply Bonita Springs,Bonita Springs,26.3870172,-81.806518,,,,,,
Florida,City Electric Supply Orlando North,Orlando North,28.5887111,-81.4155414,,,,,,
Florida,City Electric Supply Panama City Beach,Panama City Beach,30.2378782,-85.9088506,,,,,,
Florida,City Electric Supply Jacksonville South,Jacksonville South,30.26853,-81.63168,,,,,,
Florida,City Electric Supply Clearwater West,Clearwater West,27.9470916,-82.7990108,,,,,,
Florida,City Electric Supply Pensacola Central,Pensacola Central,30.4761659,-87.2532952,,,,,,
Florida,City Electric Supply Marathon,Marathon,24.7097909,-81.0987634,,,,,,
Georgia,City Electric Supply Midtown Atlanta,Midtown Atlanta,33.7942347,-84.4082594,,,,,,
Georgia,City Electric Supply Savannah Midtown,Savannah Midtown,32.0004782,-81.1207304,,,,,,
Georgia,City Electric Supply Lawrenceville,Lawrenceville,33.975807,-83.982965,,,,,,
Georgia,City Electric Supply Athens,Athens,33.9656995,-83.3481888,,,,,,
Georgia,City Electric Supply Atlanta Airport,Atlanta Airport,33.6239029,-84.4081111,,,,,,
Georgia,City Electric Supply Covington GA,Covington GA,33.5994974,-83.8352217,,,,,,
Georgia,City Electric Supply Duluth,Duluth,33.9643751,-84.1794589,,,,,,
Georgia,City Electric Supply Peachtree City,Peachtree City,33.439028,-84.6063877,,,,,,
Georgia,City Electric Supply Cleveland GA,Cleveland GA,34.5188631,-83.7556274,,,,,,
Georgia,City Electric Supply Gainesville GA,Gainesville GA,34.2750982,-83.844974,,,,,,
Georgia,City Electric Supply Tucker,Tucker,33.8586426,-84.1877282,,,,,,
Georgia,City Electric Supply Rome,Rome,34.2895503,-85.1490104,,,,,,
Georgia,City Electric Supply Brunswick,Brunswick,31.1978809,-81.4919073,,,,,,
Georgia,City Electric Supply Macon,Macon,32.8263627,-83.7202519,,,,,,
Georgia,City Electric Supply Savannah Downtown,Savannah Downtown,32.0758109,-81.0824485,,,,,,
Georgia,City Electric Supply Doraville,Doraville,33.8974847,-84.2487848,,,,,,
Georgia,City Electric Supply Mcdonough,Mcdonough,33.4148759,-84.159093,,,,,,
Georgia,City Electric Supply Alpharetta,Alpharetta,34.1254985,-84.2341732,,,,,,
Georgia,City Electric Supply Lithia Springs,Lithia Springs,33.7922236,-84.6285366,,,,,,
Georgia,City Electric Supply Winder,Winder,33.9900693,-83.7763366,,,,,,
Georgia,City Electric Supply Warner Robins,Warner Robins,32.6131882,-83.6944086,,,,,,
Georgia,City Electric Supply Cartersville,Cartersville,34.1922363,-84.7881433,,,,,,
Georgia,City Electric Supply Marietta,Marietta,33.9425277,-84.5294791,,,,,,
Georgia,City Electric Supply Smyrna,Smyrna,33.8962348,-84.5406641,,,,,,
Georgia,City Electric Supply Columbus,Columbus,39.9625112,-83.0032218,,,,,,
Georgia,City Electric Supply Calhoun,Calhoun,34.4727586,-84.9330872,,,,,,
Georgia,City Electric Supply Augusta West,Augusta West,33.5116593,-82.096309,,,,,,
Georgia,City Electric Supply Dallas,Dallas,32.7766642,-96.7969879,,,,,,
Georgia,City Electric Supply La Grange,La Grange,33.032603,-84.982708,,,,,,
Georgia,City Electric Supply Loganville,Loganville,33.8352835,-83.8890105,,,,,,
Georgia,City Electric Supply Savannah West,Savannah West,32.0753543,-81.1960767,,,,,,
Georgia,City Electric Supply Dalton,Dalton,34.7623638,-84.9648558,,,,,,
Georgia,City Electric Supply Tifton,Tifton,31.4506342,-83.5224085,,,,,,
Georgia,City Electric Supply St. Marys,St. Marys,30.7804745,-81.6290085,,,,,,
Georgia,City Electric Supply Statesboro,Statesboro,32.4487876,-81.7831674,,,,,,
Georgia,City Electric Supply Augusta Downtown,Augusta Downtown,33.4802736,-81.9769908,,,,,,
Georgia,City Electric Supply Hinesville,Hinesville,31.8234517,-81.6281181,,,,,,
Georgia,City Electric Supply Rincon,Rincon,32.3064395,-81.2437637,,,,,,
Georgia,City Electric Supply Griffin,Griffin,33.2441715,-84.3106393,,,,,,
Georgia,City Electric Supply Valdosta,Valdosta,30.8251113,-83.3058811,,,,,,
Georgia,City Electric Supply Albany,Albany,31.571113,-84.131726,,,,,,
Georgia,City Electric Supply Toccoa,Toccoa,34.54046,-83.2698016,,,,,,
Georgia,City Electric Supply Waycross,Waycross,31.2257958,-82.3677421,,,,,,
Georgia,City Electric Supply Young Harris,Young Harris,34.9788529,-83.826918,,,,,,
Georgia,City Electric Supply Lake Oconee,Lake Oconee,33.4427935,-83.2768204,,,,,,
Georgia,City Electric Supply Moultrie,Moultrie,31.1841066,-83.782095,,,,,,
Georgia,City Electric Supply Vidalia,Vidalia,32.2288823,-82.4455527,,,,,,
Georgia,City Electric Supply Hazlehurst,Hazlehurst,31.8536678,-82.6142833,,,,,,
Georgia,City Electric Supply Auburn,Auburn,32.6345697,-85.4346336,,,,,,
Georgia,City Electric Supply Hilton Head,Hilton Head,32.2058121,-80.709399,,,,,,
Georgia,City Electric Supply Tallahassee West,Tallahassee West,32.1574351,-82.907123,,,,,,
Georgia,City Electric Supply Bluffton,Bluffton,32.252731,-80.8537159,,,,,,
Georgia,City Electric Supply Fernandina Beach,Fernandina Beach,32.1574351,-82.907123,,,,,,
Georgia,City Electric Supply Jacksonville Central,Jacksonville Central,32.1574351,-82.907123,,,,,,
Alabama,City Electric Supply Montgomery,Montgomery,32.4072531,-86.2183156,,,,,,
Alabama,City Electric Supply Alabaster,Alabaster,33.1866731,-86.7573545,,,,,,
Alabama,City Electric Supply Birmingham East,Birmingham East,33.5346872,-86.6900622,,,,,,
Alabama,City Electric Supply Mobile Central,Mobile Central,30.695424,-88.1237559,,,,,,
Alabama,City Electric Supply Athens,Athens,34.7893865,-86.9804188,,,,,,
Alabama,City Electric Supply Huntsville,Huntsville,34.7407781,-86.6352277,,,,,,
Alabama,City Electric Supply Mobile West,Mobile West,30.604508,-88.1595351,,,,,,
Alabama,City Electric Supply Tuscaloosa,Tuscaloosa,33.1963398,-87.5574766,,,,,,
Alabama,City Electric Supply Fairhope,Fairhope,30.5592748,-87.8929056,,,,,,
Alabama,City Electric Supply Auburn,Auburn,32.6345697,-85.4346336,,,,,,
Alabama,City Electric Supply Pell City,Pell City,33.6029962,-86.2645385,,,,,,
Alabama,City Electric Supply Birmingham South,Birmingham South,33.3364646,-86.7908634,,,,,,
Alabama,City Electric Supply Foley,Foley,30.4064047,-87.6511487,,,,,,
Kentucky,City Electric Supply Dry Ridge,Dry Ridge,38.6855514,-84.6032999,,,,,,
Kentucky,City Electric Supply Hopkinsville,Hopkinsville,36.8399544,-87.4830185,,,,,,
Kentucky,City Electric Supply Erlanger,Erlanger,39.0369475,-84.6357644,,,,,,
Kentucky,City Electric Supply Clarksville,Clarksville,36.5611768,-87.3159223,,,,,,
Kentucky,City Electric Supply Cincinnati,Cincinnati,39.1695895,-84.4844002,,,,,,
Louisiana,City Electric Supply Gulfport,Gulfport,30.428733,-89.0317259,,,,,,
Louisiana,City Electric Supply Pascagoula,Pascagoula,30.3794931,-88.5352609,,,,,,
Louisiana,City Electric Supply Galveston,Galveston,29.2893414,-94.8497315,,,,,,
Louisiana,City Electric Supply Mobile Central,Mobile Central,30.6953657,-88.0398912,,,,,,
Louisiana,City Electric Supply La Marque,La Marque,29.3905017,-95.0222045,,,,,,
Mississipi,City Electric Supply Gulfport,Gulfport,30.428733,-89.0317259,,,,,,
Mississipi,City Electric Supply Pascagoula,Pascagoula,30.3794931,-88.5352609,,,,,,
Mississipi,City Electric Supply Southaven,Southaven,34.9906526,-89.9927726,,,,,,
Mississipi,City Electric Supply Memphis Southeast,Memphis Southeast,34.9960207,-89.8733424,,,,,,
North Carolina,City Electric Supply Harrisburg,Harrisburg,35.3139238,-80.6695189,,,,,,
North Carolina,City Electric Supply University City,University City,35.2895534,-80.7615978,,,,,,
North Carolina,City Electric Supply Uptown Charlotte,Uptown Charlotte,35.2208727,-80.8573584,,,,,,
North Carolina,City Electric Supply Raleigh North,Raleigh North,35.8935583,-78.5705415,,,,,,
North Carolina,City Electric Supply Washington,Washington,35.5983428,-77.1102785,,,,,,
North Carolina,City Electric Supply North Durham,North Durham,36.0275214,-78.8675659,,,,,,
North Carolina,City Electric Supply Cary,Cary,35.7951539,-78.8055248,,,,,,
North Carolina,City Electric Supply Troutman,Troutman,35.7186179,-80.8983525,,,,,,
North Carolina,City Electric Supply Sunset,Sunset,35.7595731,-79.0192997,,,,,,
North Carolina,City Electric Supply Wake Forest University,Wake Forest University,36.1354887,-80.2792887,,,,,,
North Carolina,City Electric Supply,,Missing City/State,,,,,,,
North Carolina,City Electric Supply Lexington,Lexington,35.8240265,-80.2533838,,,,,,
North Carolina,City Electric Supply Denver,Denver,35.508146,-81.003746,,,,,,
North Carolina,City Electric Supply Durham,Durham,35.9344636,-78.8435549,,,,,,
North Carolina,City Electric Supply Fayetteville,Fayetteville,35.0457294,-78.8622558,,,,,,
North Carolina,City Electric Supply Monroe,Monroe,34.9854275,-80.5495112,,,,,,
North Carolina,City Electric Supply Raleigh,Raleigh,35.8404947,-78.6019555,,,,,,
North Carolina,City Electric Supply Gastonia,Gastonia,35.2642497,-81.1011025,,,,,,
North Carolina,City Electric Supply Greensboro East,Greensboro East,36.0299075,-79.7868419,,,,,,
North Carolina,City Electric Supply Winston Salem Central,Winston Salem Central,36.0724622,-80.2572647,,,,,,
North Carolina,City Electric Supply Hickory,Hickory,35.7416032,-81.3585663,,,,,,
North Carolina,City Electric Supply Boone,Boone,36.2260676,-81.7195889,,,,,,
North Carolina,City Electric Supply Albemarle,Albemarle,35.3487038,-80.1619049,,,,,,
North Carolina,City Electric Supply Concord,Concord,35.4267157,-80.6088941,,,,,,
North Carolina,City Electric Supply Elizabeth City,Elizabeth City,36.2644162,-76.1955538,,,,,,
North Carolina,City Electric Supply Wilson,Wilson,35.764868,-77.9472819,,,,,,
North Carolina,City Electric Supply Salisbury,Salisbury,35.6485706,-80.5018942,,,,,,
North Carolina,City Electric Supply Southern Pines,Southern Pines,35.1377104,-79.4388916,,,,,,
North Carolina,City Electric Supply Wilmington North,Wilmington North,34.2605847,-77.8474058,,,,,,
North Carolina,City Electric Supply Lenoir,Lenoir,35.8887806,-81.5231547,,,,,,
North Carolina,City Electric Supply High Point,High Point,35.93362,-80.01621,,,,,,
North Carolina,City Electric Supply Huntersville,Huntersville,35.3980358,-80.8524722,,,,,,
North Carolina,City Electric Supply Jacksonville,Jacksonville,34.7478745,-77.3772725,,,,,,
North Carolina,City Electric Supply Shelby,Shelby,35.2628067,-81.4703732,,,,,,
North Carolina,City Electric Supply Fort Bragg,Fort Bragg,35.139417,-79.0051756,,,,,,
North Carolina,City Electric Supply North Wilkesboro,North Wilkesboro,36.1628768,-81.1399126,,,,,,
North Carolina,City Electric Supply Fuquay Varina,Fuquay Varina,35.5739649,-78.8011497,,,,,,
North Carolina,City Electric Supply Plaza-midwood,Plaza-midwood,35.224724,-80.817029,,,,,,
North Carolina,City Electric Supply Sanford,Sanford,35.4446577,-79.1368382,,,,,,
North Carolina,City Electric Supply Burlington,Burlington,36.0730476,-79.4282973,,,,,,
North Carolina,City Electric Supply Marion,Marion,35.6953559,-82.0249075,,,,,,
North Carolina,City Electric Supply Chapel Hill,Chapel Hill,35.9702981,-79.0736725,,,,,,
North Carolina,City Electric Supply Thomasville,Thomasville,35.8826369,-80.0819879,,,,,,
North Carolina,City Electric Supply Mooresville,Mooresville,35.5857469,-80.8602333,,,,,,
North Carolina,City Electric Supply Garner,Garner,35.7156893,-78.6293917,,,,,,
North Carolina,City Electric Supply New Bern,New Bern,35.1203978,-77.0808828,,,,,,
North Carolina,City Electric Supply Kernersville,Kernersville,36.0893671,-80.066203,,,,,,
North Carolina,City Electric Supply Newton,Newton,35.6818731,-81.2296927,,,,,,
North Carolina,City Electric Supply Kings Mountain,Kings Mountain,35.2383252,-81.3326917,,,,,,
North Carolina,City Electric Supply Westinghouse,Westinghouse,35.1298683,-80.945891,,,,,,
North Carolina,City Electric Supply Mint Hill,Mint Hill,35.2076488,-80.6693083,,,,,,
North Carolina,City Electric Supply Morganton,Morganton,35.7505492,-81.6835421,,,,,,
North Carolina,City Electric Supply Charlotte West,Charlotte West,35.232795,-80.9249265,,,,,,
North Carolina,City Electric Supply Midland,Midland,35.2462171,-80.5879623,,,,,,
North Carolina,City Electric Supply Knightdale,Knightdale,35.8000385,-78.475893,,,,,,
North Carolina,City Electric Supply Matthews,Matthews,35.1315568,-80.7282368,,,,,,
North Carolina,City Electric Supply Waynesville,Waynesville,35.5167034,-82.9638494,,,,,,
North Carolina,City Electric Supply Lumberton,Lumberton,34.6365303,-79.0018543,,,,,,
North Carolina,City Electric Supply Dunn,Dunn,35.320891,-78.6060156,,,,,,
North Carolina,City Electric Supply Biltmore,Biltmore,35.5632711,-82.5278414,,,,,,
North Carolina,City Electric Supply Kannapolis,Kannapolis,35.5205809,-80.6147549,,,,,,
North Carolina,City Electric Supply Greensboro West,Greensboro West,36.0697093,-79.8847005,,,,,,
North Carolina,City Electric Supply Hendersonville,Hendersonville,35.3045043,-82.4421361,,,,,,
North Carolina,City Electric Supply Franklin,Franklin,35.114899,-83.3895893,,,,,,
North Carolina,City Electric Supply Indian Trail,Indian Trail,35.0923117,-80.6645237,,,,,,
North Carolina,City Electric Supply Concord Mills,Concord Mills,35.3788953,-80.7265416,,,,,,
North Carolina,City Electric Supply Selma,Selma,35.5261912,-78.2955266,,,,,,
North Carolina,City Electric Supply Statesville,Statesville,35.7936726,-80.9214431,,,,,,
North Carolina,City Electric Supply Goldsboro,Goldsboro,35.4146095,-77.9775211,,,,,,
North Carolina,City Electric Supply Greenville,Greenville,35.6115318,-77.3752068,,,,,,
North Carolina,City Electric Supply Reidsville,Reidsville,36.352974,-79.692053,,,,,,
North Carolina,City Electric Supply Brevard,Brevard,35.2488442,-82.7234804,,,,,,
North Carolina,City Electric Supply Apex,Apex,35.7119867,-78.8510974,,,,,,
North Carolina,City Electric Supply Rockingham,Rockingham,34.9393201,-79.7739457,,,,,,
North Carolina,City Electric Supply Mount Airy,Mount Airy,36.5019782,-80.6191456,,,,,,
North Carolina,City Electric Supply Weaverville,Weaverville,35.712043,-82.564973,,,,,,
North Carolina,City Electric Supply Morehead City,Morehead City,34.7422913,-76.8087888,,,,,,
North Carolina,City Electric Supply Asheboro,Asheboro,35.7081426,-79.8264618,,,,,,
North Carolina,City Electric Supply Youngsville,Youngsville,36.03575,-78.50072,,,,,,
North Carolina,City Electric Supply King,King,36.2658217,-80.3589546,,,,,,
North Carolina,City Electric Supply Leland,Leland,34.260595,-78.0684516,,,,,,
North Carolina,City Electric Supply Cleveland Crossing,Cleveland Crossing,35.606783,-78.5516813,,,,,,
North Carolina,City Electric Supply Lincolnton,Lincolnton,35.4740204,-81.1803026,,,,,,
North Carolina,City Electric Supply Roanoke Rapids,Roanoke Rapids,36.4540968,-77.65255,,,,,,
North Carolina,City Electric Supply Zebulon,Zebulon,35.8195098,-78.3237496,,,,,,
North Carolina,City Electric Supply Forest City,Forest City,35.3430868,-81.8879297,,,,,,
North Carolina,City Electric Supply Waxhaw,Waxhaw,34.9344155,-80.7474918,,,,,,
North Carolina,City Electric Supply Research Triangle Park,Research Triangle Park,35.8829939,-78.7460741,,,,,,
North Carolina,City Electric Supply Wadesboro,Wadesboro,34.9652532,-80.0537543,,,,,,
North Carolina,City Electric Supply Clinton,Clinton,34.995348,-78.3202899,,,,,,
North Carolina,City Electric Supply Kinston,Kinston,35.2655148,-77.6372433,,,,,,
North Carolina,City Electric Supply West Jefferson,West Jefferson,36.3776471,-81.4925856,,,,,,
North Carolina,3,#VALUE!,35.7595731,-79.0192997,,,,,,
North Carolina,City Electric Supply Rock Hill,Rock Hill,34.9469857,-81.0427094,,,,,,
North Carolina,City Electric Supply Norfolk Central,Norfolk Central,35.7595731,-79.0192997,,,,,,
North Carolina,City Electric Supply Florence,Florence,34.2199411,-79.7958337,,,,,,
North Carolina,City Electric Supply Virginia Beach,Virginia Beach,36.821389,-76.0659362,,,,,,
North Carolina,City Electric Supply Gaffney,Gaffney,35.0662999,-81.6611161,,,,,,
North Carolina,City Electric Supply Greer,Greer,34.948797,-82.216033,,,,,,
North Carolina,City Electric Supply Myrtle Beach,Myrtle Beach,33.7093315,-78.9035726,,,,,,
North Carolina,City Electric Supply Danville,Danville,36.5951089,-79.4162068,,,,,,
North Carolina,City Electric Supply Johnson City,Johnson City,36.3539557,-82.4063357,,,,,,
North Carolina,City Electric Supply Indian Land,Indian Land,34.9987027,-80.8633367,,,,,,
North Carolina,City Electric Supply Greenville,Greenville,35.6115318,-77.3752068,,,,,,
North Carolina,City Electric Supply Chesapeake,Chesapeake,36.7779218,-76.3771095,,,,,,
North Carolina,City Electric Supply Lancaster,Lancaster,40.0403279,-76.3041833,,,,,,
South Carolina,City Electric Supply Rock Hill,Rock Hill,34.9469857,-81.0427094,,,,,,
South Carolina,City Electric Supply Lexington,Lexington,33.9799666,-81.2820563,,,,,,
South Carolina,City Electric Supply West Columbia,West Columbia,33.9973401,-81.0668103,,,,,,
South Carolina,City Electric Supply Myrtle Beach,Myrtle Beach,33.7093315,-78.9035726,,,,,,
South Carolina,City Electric Supply Florence,Florence,34.2199411,-79.7958337,,,,,,
South Carolina,City Electric Supply Greenville,Greenville,34.8484984,-82.4000158,,,,,,
South Carolina,City Electric Supply Charleston Downtown,Charleston Downtown,33.836081,-81.1637245,,,,,,
South Carolina,City Electric Supply Rock Hill East,Rock Hill East,34.9659871,-80.9856256,,,,,,
South Carolina,City Electric Supply Mount Pleasant,Mount Pleasant,32.8386832,-79.8691938,,,,,,
South Carolina,City Electric Supply Ne Columbia,Ne Columbia,34.0526969,-80.9833028,,,,,,
South Carolina,City Electric Supply West Ashley,West Ashley,32.792847,-79.989173,,,,,,
South Carolina,City Electric Supply Sumter,Sumter,33.8877032,-80.3465112,,,,,,
South Carolina,City Electric Supply Hilton Head,Hilton Head,32.2058121,-80.709399,,,,,,
South Carolina,City Electric Supply Irmo,Irmo,34.0945213,-81.161267,,,,,,
South Carolina,City Electric Supply Beaufort,Beaufort,32.4338482,-80.7211385,,,,,,
South Carolina,City Electric Supply Simpsonville,Simpsonville,34.7333248,-82.2669923,,,,,,
South Carolina,City Electric Supply Aiken,Aiken,33.5319823,-81.698036,,,,,,
South Carolina,City Electric Supply Gaffney,Gaffney,35.0662999,-81.6611161,,,,,,
South Carolina,City Electric Supply Summerville,Summerville,33.0239598,-80.1665731,,,,,,
South Carolina,City Electric Supply Anderson,Anderson,34.5305785,-82.6614473,,,,,,
South Carolina,City Electric Supply Conway,Conway,33.8042752,-79.0044364,,,,,,
South Carolina,City Electric Supply Indian Land,Indian Land,34.9987027,-80.8633367,,,,,,
South Carolina,City Electric Supply Greer,Greer,34.948797,-82.216033,,,,,,
South Carolina,City Electric Supply Seneca,Seneca,34.6985605,-82.9865626,,,,,,
South Carolina,City Electric Supply North Charleston,North Charleston,32.8552788,-80.0193366,,,,,,
South Carolina,City Electric Supply,,Missing City/State,,,,,,,
South Carolina,City Electric Supply Spartanburg,Spartanburg,34.9478409,-81.9250408,,,,,,
South Carolina,City Electric Supply Bluffton,Bluffton,32.252731,-80.8537159,,,,,,
South Carolina,City Electric Supply Moncks Corner,Moncks Corner,33.1904055,-79.9930638,,,,,,
South Carolina,City Electric Supply Murrells Inlet,Murrells Inlet,33.592337,-79.0263654,,,,,,
South Carolina,City Electric Supply Uptown Charlotte,Uptown Charlotte,35.2208727,-80.8573584,,,,,,
South Carolina,City Electric Supply Lancaster SC,Lancaster SC,34.745399,-80.7803249,,,,,,
South Carolina,City Electric Supply Easley,Easley,34.8310336,-82.5817206,,,,,,
South Carolina,City Electric Supply Greenwood,Greenwood,34.2119481,-82.1740503,,,,,,
South Carolina,City Electric Supply Orangeburg,Orangeburg,33.4831593,-80.8604935,,,,,,
South Carolina,City Electric Supply Walterboro,Walterboro,32.8964408,-80.6725689,,,,,,
South Carolina,City Electric Supply Charleston Cross County,Charleston Cross County,32.923384,-80.0699417,,,,,,
South Carolina,City Electric Supply Sunset,Sunset,34.9776127,-82.7990259,,,,,,
South Carolina,City Electric Supply Hartsville,Hartsville,34.3489174,-80.0536516,,,,,,
South Carolina,City Electric Supply Savannah Midtown,Savannah Midtown,32.0004782,-81.1207304,,,,,,
South Carolina,City Electric Supply Westinghouse,Westinghouse,35.1298683,-80.945891,,,,,,
South Carolina,City Electric Supply Gastonia,Gastonia,35.2642497,-81.1011025,,,,,,
South Carolina,City Electric Supply Kings Mountain,Kings Mountain,35.2383252,-81.3326917,,,,,,
South Carolina,City Electric Supply Shelby,Shelby,35.2628067,-81.4703732,,,,,,
South Carolina,City Electric Supply Plaza-midwood,Plaza-midwood,35.224724,-80.817029,,,,,,
South Carolina,City Electric Supply Waxhaw,Waxhaw,33.836081,-81.1637245,,,,,,
South Carolina,City Electric Supply University City,University City,35.2895534,-80.7615978,,,,,,
South Carolina,City Electric Supply Augusta West,Augusta West,33.836081,-81.1637245,,,,,,
South Carolina,City Electric Supply Southern Pines,Southern Pines,35.1377104,-79.4388916,,,,,,
South Carolina,City Electric Supply Augusta Downtown,Augusta Downtown,33.836081,-81.1637245,,,,,,
South Carolina,City Electric Supply Hendersonville,Hendersonville,32.7907305,-80.7253829,,,,,,
South Carolina,City Electric Supply Monroe,Monroe,33.836081,-81.1637245,,,,,,
South Carolina,City Electric Supply Charlotte West,Charlotte West,35.232795,-80.9249265,,,,,,
South Carolina,City Electric Supply Huntersville,Huntersville,35.3980358,-80.8524722,,,,,,
South Carolina,City Electric Supply Rockingham,Rockingham,34.9393201,-79.7739457,,,,,,
South Carolina,City Electric Supply Lumberton,Lumberton,34.6365303,-79.0018543,,,,,,
South Carolina,City Electric Supply Savannah Downtown,Savannah Downtown,34.0007588,-81.0352178,,,,,,
South Carolina,City Electric Supply Harrisburg,Harrisburg,35.3139238,-80.6695189,,,,,,
South Carolina,City Electric Supply Rincon,Rincon,32.3064395,-81.2437637,,,,,,
South Carolina,City Electric Supply Denver,Denver,39.7392358,-104.990251,,,,,,
South Carolina,City Electric Supply Wadesboro,Wadesboro,34.9652532,-80.0537543,,,,,,
South Carolina,City Electric Supply Matthews,Matthews,35.1315568,-80.7282368,,,,,,
South Carolina,City Electric Supply Lincolnton,Lincolnton,35.4740204,-81.1803026,,,,,,
South Carolina,City Electric Supply Forest City,Forest City,35.3430868,-81.8879297,,,,,,
South Carolina,City Electric Supply Concord,Concord,35.4267157,-80.6088941,,,,,,
South Carolina,City Electric Supply Savannah West,Savannah West,33.836081,-81.1637245,,,,,,
South Carolina,City Electric Supply Toccoa,Toccoa,34.54046,-83.2698016,,,,,,
Tennesse,City Electric Supply Nashville Downtown,Nashville Downtown,36.1740844,-86.7758721,,,,,,
Tennesse,City Electric Supply Clarksville,Clarksville,36.5611768,-87.3159223,,,,,,
Tennesse,City Electric Supply Midtown Memphis,Midtown Memphis,35.1478452,-89.957436,,,,,,
Tennesse,City Electric Supply Murfreesboro,Murfreesboro,35.8349758,-86.409709,,,,,,
Tennesse,City Electric Supply Berry Hill,Berry Hill,36.1257745,-86.7691948,,,,,,
Tennesse,City Electric Supply Dickson,Dickson,36.0770048,-87.3877899,,,,,,
Tennesse,City Electric Supply Cookeville,Cookeville,36.1396237,-85.5251782,,,,,,
Tennesse,City Electric Supply Spring Hill,Spring Hill,35.73794,-86.887572,,,,,,
Tennesse,City Electric Supply West Knoxville,West Knoxville,35.9531625,-83.9816846,,,,,,
Tennesse,City Electric Supply Chattanooga,Chattanooga,35.0230141,-85.2977643,,,,,,
Tennesse,City Electric Supply Morristown,Morristown,36.2144781,-83.2942035,,,,,,
Tennesse,City Electric Supply Columbia,Columbia,35.5889738,-87.0320961,,,,,,
Tennesse,City Electric Supply Manchester,Manchester,35.466521,-86.0691802,,,,,,
Tennesse,City Electric Supply Lawrenceburg,Lawrenceburg,35.253775,-87.3408333,,,,,,
Tennesse,City Electric Supply Nashville North,Nashville North,36.2291614,-86.7613857,,,,,,
Tennesse,City Electric Supply Nashville West,Nashville West,36.1712036,-86.8768615,,,,,,
Tennesse,City Electric Supply Mt. Juliet,Mt. Juliet,36.2323295,-86.5111269,,,,,,
Tennesse,City Electric Supply Knoxville Downtown,Knoxville Downtown,35.9747666,-83.9158979,,,,,,
Tennesse,City Electric Supply Memphis Southeast,Memphis Southeast,34.9960207,-89.8733424,,,,,,
Tennesse,City Electric Supply Johnson City,Johnson City,36.3539557,-82.4063357,,,,,,
Tennesse,City Electric Supply Cool Springs,Cool Springs,36.1628463,-89.1386791,,,,,,
Tennesse,City Electric Supply Gallatin,Gallatin,36.4094515,-86.4519427,,,,,,
Tennesse,City Electric Supply Dixie Lee Junction,Dixie Lee Junction,35.8593135,-84.2257619,,,,,,
Tennesse,City Electric Supply Clarksville South,Clarksville South,36.5143525,-87.2956304,,,,,,
Tennesse,City Electric Supply Sevierville,Sevierville,35.867356,-83.551838,,,,,,
Tennesse,City Electric Supply Bartlett,Bartlett,35.2309523,-89.805739,,,,,,
Tennesse,City Electric Supply Hendersonville,Hendersonville,36.3030233,-86.6283133,,,,,,
Tennesse,City Electric Supply Lebanon,Lebanon,36.2106267,-86.2912286,,,,,,
Tennesse,City Electric Supply Shelbyville,Shelbyville,35.4880448,-86.4595976,,,,,,
Tennesse,City Electric Supply Cleveland,Cleveland,35.1595182,-84.8766115,,,,,,
Tennesse,City Electric Supply Collierville,Collierville,35.0050122,-89.6412737,,,,,,
Tennesse,City Electric Supply Chattanooga East,Chattanooga East,35.0538421,-85.1479377,,,,,,
Tennesse,City Electric Supply Alcoa,Alcoa,35.7628809,-83.9787063,,,,,,
Tennesse,City Electric Supply Nashville Airport,Nashville Airport,36.1470628,-86.6962632,,,,,,
Tennesse,City Electric Supply Powell,Powell,36.0040117,-84.0284519,,,,,,
Tennesse,City Electric Supply Kingsport,Kingsport,36.5424298,-82.5578799,,,,,,
Tennesse,City Electric Supply Greeneville,Greeneville,36.149578,-82.853609,,,,,,
Tennesse,City Electric Supply La Vergne,La Vergne,36.0156178,-86.5819394,,,,,,
Tennesse,City Electric Supply Greenback,Greenback,35.6405828,-84.1498867,,,,,,
Tennesse,City Electric Supply Millington,Millington,35.341783,-89.9102803,,,,,,
Tennesse,City Electric Supply Bristol,Bristol,36.6019542,-82.1756471,,,,,,
Tennesse,City Electric Supply Southaven,Southaven,34.9906526,-89.9927726,,,,,,
Texas,City Electric Supply Headquarters,Headquarters,32.7766016,-96.805712,,,,,,
Texas,City Electric Supply Houston Downtown,Houston Downtown,29.7214402,-95.3255694,,,,,,
Texas,City Electric Supply San Antonio Southeast,San Antonio Southeast,29.4013312,-98.4063099,,,,,,
Texas,City Electric Supply Downtown San Antonio,Downtown San Antonio,29.4391724,-98.5106117,,,,,,
Texas,City Electric Supply Rockwall,Rockwall,32.9176435,-96.4442958,,,,,,
Texas,City Electric Supply Garland,Garland,32.906897,-96.6814504,,,,,,
Texas,City Electric Supply Spring,Spring,29.9756293,-95.4203095,,,,,,
Texas,City Electric Supply Arlington,Arlington,32.7362478,-97.0834529,,,,,,
Texas,City Electric Supply Plano,Plano,33.0085584,-96.6830755,,,,,,
Texas,City Electric Supply Oak Hill,Oak Hill,30.2315534,-97.9311164,,,,,,
Texas,City Electric Supply Fort Worth,Fort Worth,32.7661667,-97.2881896,,,,,,
Texas,City Electric Supply Montgomery,Montgomery,30.377087,-95.643742,,,,,,
Texas,City Electric Supply La Marque,La Marque,29.3905017,-95.0222045,,,,,,
Texas,City Electric Supply Galveston,Galveston,29.2893414,-94.8497315,,,,,,
Texas,City Electric Supply Bastrop,Bastrop,30.1124745,-97.3696234,,,,,,
Texas,City Electric Supply Houston Northwest,Houston Northwest,29.8171496,-95.4838595,,,,,,
Texas,City Electric Supply Austin North,Austin North,30.3930957,-97.7187316,,,,,,
Texas,City Electric Supply Conroe,Conroe,30.3073637,-95.4566512,,,,,,
Texas,City Electric Supply Pflugerville,Pflugerville,30.4527663,-97.6636183,,,,,,
Texas,City Electric Supply Marble Falls,Marble Falls,30.5835177,-98.2894787,,,,,,
Texas,City Electric Supply Tradesman,Tradesman,29.5857908,-98.5842036,,,,,,
Texas,City Electric Supply San Antonio North,San Antonio North,29.5576967,-98.427311,,,,,,
Texas,City Electric Supply Farmers Branch,Farmers Branch,32.92136,-96.90384,,,,,,
Texas,City Electric Supply Pasadena,Pasadena,29.6992758,-95.1526009,,,,,,
Texas,City Electric Supply Humble,Humble,29.998734,-95.2477057,,,,,,
Texas,City Electric Supply Huntsville,Huntsville,30.7235263,-95.5507771,,,,,,
Texas,City Electric Supply Brenham,Brenham,30.1426076,-96.3680252,,,,,,
Texas,City Electric Supply South Houston,South Houston,29.6566691,-95.2520156,,,,,,
Texas,City Electric Supply Forney,Forney,32.7420754,-96.4387732,,,,,,
Texas,City Electric Supply Keller,Keller,32.9350083,-97.2467755,,,,,,
Texas,City Electric Supply Stafford,Stafford,29.650359,-95.545187,,,,,,
Texas,City Electric Supply Katy,Katy,29.785101,-95.8418522,,,,,,
Texas,City Electric Supply Tomball,Tomball,30.1178725,-95.5923692,,,,,,
Texas,City Electric Supply New Braunfels,New Braunfels,29.7720118,-98.0390672,,,,,,
Texas,City Electric Supply Sherman,Sherman,33.6775588,-96.5876682,,,,,,
Texas,City Electric Supply Cedar Park,Cedar Park,30.5043562,-97.8139266,,,,,,
Texas,City Electric Supply Corpus Christi,Corpus Christi,27.729836,-97.4208543,,,,,,
Texas,City Electric Supply Houston Westchase,Houston Westchase,29.7218422,-95.5663497,,,,,,
Texas,City Electric Supply Waxahachie,Waxahachie,32.3763649,-96.8288867,,,,,,
Texas,City Electric Supply Temple,Temple,31.0834367,-97.3819159,,,,,,
Texas,City Electric Supply Pearland,Pearland,29.5971183,-95.3666925,,,,,,
Texas,City Electric Supply Mansfield,Mansfield,32.5541843,-97.1192091,,,,,,
Texas,City Electric Supply McKinney,McKinney,33.2198294,-96.6280747,,,,,,
Texas,City Electric Supply Waller,Waller,30.0671892,-95.9366757,,,,,,
Texas,City Electric Supply Kyle,Kyle,29.9675061,-97.8739396,,,,,,
Texas,City Electric Supply Bryan-college Station,Bryan-college Station,30.6579462,-96.3716452,,,,,,
Texas,City Electric Supply Frisco,Frisco,33.1714848,-96.8343462,,,,,,
Texas,City Electric Supply Denton,Denton,33.23269,-97.17772,,,,,,
Texas,City Electric Supply Rosenberg,Rosenberg,29.5584607,-95.8889067,,,,,,
Texas,City Electric Supply Granbury,Granbury,32.4335066,-97.8206341,,,,,,
Texas,City Electric Supply Ellington Field Industrial,Ellington Field Industrial,29.5890262,-95.1668717,,,,,,
Texas,City Electric Supply Schertz,Schertz,29.6198016,-98.2911242,,,,,,
Texas,City Electric Supply Hutto,Hutto,30.5896089,-97.5810665,,,,,,
Texas,City Electric Supply Aledo,Aledo,32.6901061,-97.5203938,,,,,,
Texas,"Wholesale Electric Supply Co. of Houston, Inc. - Texas City","Co. of Houston, Inc. - Texas City",29.3579538,-94.9494052,,,,,,
Texas,City Electric Supply Azle,Azle,32.8990881,-97.5476909,,,,,,
Texas,City Electric Supply Jersey Village,Jersey Village,29.8993029,-95.5064024,,,,,,
Texas,City Electric Supply Kennedale,Kennedale,32.6486779,-97.2239226,,,,,,
Texas,City Electric Supply Boerne,Boerne,29.7203356,-98.6690064,,,,,,
Texas,City Electric Supply Victoria,Victoria,28.8314039,-97.0083514,,,,,,
Virginia,City Electric Supply Virginia Beach,Virginia Beach,36.821389,-76.0659362,,,,,,
Virginia,City Electric Supply Richmond East,Richmond East,Error: Service error: Google Maps,,,,,,,
Virginia,City Electric Supply Fredericksburg,Fredericksburg,38.2608582,-77.4935329,,,,,,
Virginia,City Electric Supply Norfolk Central,Norfolk Central,36.8647931,-76.2311665,,,,,,
Virginia,City Electric Supply Richmond South,Richmond South,37.4562109,-77.625514,,,,,,
Virginia,City Electric Supply Alexandria,Alexandria,38.7724625,-77.1542139,,,,,,
Virginia,City Electric Supply Charlottesville,Charlottesville,38.153339,-78.420119,,,,,,
Virginia,City Electric Supply Chesapeake,Chesapeake,36.7779218,-76.3771095,,,,,,
Virginia,City Electric Supply Williamsburg,Williamsburg,37.2555366,-76.7624639,,,,,,
Virginia,City Electric Supply Danville,Danville,36.5951089,-79.4162068,,,,,,
Virginia,City Electric Supply Richmond North,Richmond North,37.5591057,-77.4144591,,,,,,
Virginia,City Electric Supply Suffolk,Suffolk,36.7303782,-76.6140295,,,,,,
Virginia,City Electric Supply Chesapeake South,Chesapeake South,36.7623814,-76.2319986,,,,,,
Virginia,City Electric Supply Bristol,Bristol,36.6019542,-82.1756471,,,,,,
Virginia,City Electric Supply Roanoke,Roanoke,37.2854179,-79.9881738,,,,,,
Virginia,City Electric Supply Lynchburg,Lynchburg,37.3760543,-79.15611,,,,,,
Virginia,City Electric Supply Manassas,Manassas,38.783337,-77.558105,,,,,,
Virginia,City Electric Supply West Lake,West Lake,38.5167912,-78.0208309,,,,,,
Virginia,City Electric Supply Wincheste,Wincheste,39.1856597,-78.1633341,,,,,,
Virginia,City Electric Supply Newport News,Newport News,37.0843857,-76.4769271,,,,,,
Virginia,City Electric Supply Dulles Airport,Dulles Airport,38.9514348,-77.527446,,,,,,
Virginia,City Electric Supply Staunton,Staunton,38.1494226,-79.0737047,,,,,,
Virginia,City Electric Supply Christiansburg,Christiansburg,37.1298517,-80.4089389,,,,,,
West Virginia,City Electric Supply Martinsburg,Martinsburg,39.4360929,-77.9858686,,,,,,
West Virginia,City Electric Supply Petersburg,Petersburg,38.9926097,-79.1239239,,,,,,
Maryland,City Electric Supply Capitol Heights,Capitol Heights,38.8814514,-76.8552098,,,,,,
Maryland,City Electric Supply Beltsville,Beltsville,39.0240574,-76.9086608,,,,,,
Maryland,City Electric Supply Baltimore South,Baltimore South,39.2467425,-76.6814026,,,,,,
Maryland,City Electric Supply Cumberland,Cumberland,39.6256,-78.77185,,,,,,
Maryland,City Electric Supply Hagerstown,Hagerstown,39.5956293,-77.8072169,,,,,,
Maryland,City Electric Supply Rockville,Rockville,39.0482596,-77.1027817,,,,,,
Maryland,City Electric Supply Prince Frederick,Prince Frederick,38.508621,-76.6381942,,,,,,
Maryland,City Electric Supply Frederick,Frederick,39.3984158,-77.3831543,,,,,,
Maryland,City Electric Supply Baltimore North,Baltimore North,39.3597146,-76.4476251,,,,,,
Maryland,City Electric Supply Gaithersburg,Gaithersburg,39.1625227,-77.1594809,,,,,,
Kentucky,City Electric Supply Dry Ridge,Dry Ridge,38.6855514,-84.6032999,,,,,,
Kentucky,City Electric Supply Hopkinsville,Hopkinsville,36.8399544,-87.4830185,,,,,,
Kentucky,City Electric Supply Erlanger,Erlanger,39.0369475,-84.6357644,,,,,,
Kentucky,City Electric Supply Clarksville,Clarksville,36.5611768,-87.3159223,,,,,,
Kentucky,City Electric Supply Cincinnati,Cincinnati,39.1695895,-84.4844002,,,,,,
Louisiana,City Electric Supply Gulfport,Gulfport,30.428733,-89.0317259,,,,,,
Louisiana,City Electric Supply Pascagoula,Pascagoula,30.3794931,-88.5352609,,,,,,
Louisiana,City Electric Supply Galveston,Galveston,29.2893414,-94.8497315,,,,,,
Louisiana,City Electric Supply Mobile Central,Mobile Central,30.6953657,-88.0398912,,,,,,
Louisiana,City Electric Supply La Marque,La Marque,29.3905017,-95.0222045,,,,,,
Mississippi,City Electric Supply Gulfport,Gulfport,30.428733,-89.0317259,,,,,,
Mississippi,City Electric Supply Southaven,Southaven,34.9906526,-89.9927726,,,,,,
Mississippi,City Electric Supply Pascagoula,Pascagoula,30.3794931,-88.5352609,,,,,,
Mississippi,City Electric Supply Memphis Southeast,Memphis Southeast,34.9960207,-89.8733424,,,,,,
New Jersey,City Electric Supply Cherry Hill,Cherry Hill,39.9094005,-74.9675193,,,,,,
New Jersey,City Electric Supply Lawrenceville,Lawrenceville,33.975807,-83.982965,,,,,,
New Jersey,City Electric Supply Egg Harbor Township,Egg Harbor Township,39.4193135,-74.5274735,,,,,,
New Jersey,City Electric Supply Mt. Holly,Mt. Holly,39.9931696,-74.7855812,,,,,,
Pennslyvania,City Electric Supply Philadelphia Central,Philadelphia Central,39.9185669,-75.1471414,,,,,,
Pennslyvania,City Electric Supply Norristown,Norristown,40.1523695,-75.373266,,,,,,
Pennslyvania,City Electric Supply Allentown,Allentown,40.6461952,-75.4398175,,,,,,
Pennslyvania,City Electric Supply Willow Grove,Willow Grove,40.149593,-75.1072369,,,,,,
Pennslyvania,City Electric Supply Philadelphia North East,Philadelphia North East,39.9895915,-75.0908782,,,,,,
Pennslyvania,City Electric Supply Wilkes Barre,Wilkes Barre,41.2371029,-75.8920549,,,,,,
Pennslyvania,City Electric Supply Montgomeryville,Montgomeryville,40.2473291,-75.2437853,,,,,,
Pennslyvania,City Electric Supply Folsom,Folsom,39.8929973,-75.3140512,,,,,,
Pennslyvania,City Electric Supply Scranton,Scranton,41.3773256,-75.6895335,,,,,,
Pennslyvania,City Electric Supply West Chester,West Chester,39.9716525,-75.5900671,,,,,,
Pennslyvania,City Electric Supply Upper Darby,Upper Darby,39.9652507,-75.2757953,,,,,,
Pennslyvania,City Electric Supply Reading,Reading,40.4094036,-75.9383679,,,,,,
Pennslyvania,City Electric Supply Wilmington DE,Wilmington DE,39.7162674,-75.5505162,,,,,,
Pennslyvania,City Electric Supply Hagerstown,Hagerstown,39.5956293,-77.8072169,,,,,,
Pennslyvania,City Electric Supply Lawrenceville,Lawrenceville,33.975807,-83.982965,,,,,,
Pennslyvania,City Electric Supply Cumberland,Cumberland,39.6256,-78.77185,,,,,,
Illinois,City Electric Supply Elgin,Elgin,42.0354084,-88.2825668,,,,,,
Illinois,City Electric Supply Woodstock,Woodstock,42.3008437,-88.4308045,,,,,,
Illinois,City Electric Supply Bolingbrook,Bolingbrook,41.6736872,-88.0682476,,,,,,
Illinois,City Electric Supply Montgomery,Montgomery,41.7282027,-88.3578081,,,,,,
Illinois,City Electric Supply Skokie,Skokie,42.0260091,-87.7255847,,,,,,
Illinois,City Electric Supply Northlake,Northlake,41.9043182,-87.9104011,,,,,,
Illinois,City Electric Supply Gurnee,Gurnee,42.38159,-87.90979,,,,,,
Illinois,City Electric Supply Rockford,Rockford,42.2247663,-89.029904,,,,,,Granite
Illinois,City Electric Supply Des Plaines,Des Plaines,42.0534741,-87.8882846,,,,,,Rhode Island
Illinois,City Electric Supply Mchenry,Mchenry,42.3441134,-88.2775918,,,,,,Connecticut
Illinois,City Electric Supply Lake Vla,Lake Vla,40.6331249,-89.3985283,,,,,,Delaware
Illinois,City Electric Supply Bedford Park,Bedford Park,41.7736521,-87.7551976,,,,,,Vermont
Illinois,City Electric Supply Lake Zurich,Lake Zurich,42.1987115,-88.0717949,,,,,,
Illinois,City Electric Supply Kenosha,Kenosha,42.5653111,-87.8639098,,,,,,
Indiana,City Electric Supply Lynwood,Lynwood,41.5270386,-87.5656219,,,,,,
Indiana,City Electric Supply Highland,Highland,41.5378122,-87.4606927,,,,,,
Indiana,City Electric Supply Chesterton,Chesterton,41.5969631,-87.0463353,,,,,,
Indiana,City Electric Supply Valparaiso,Valparaiso,41.4579682,-87.0772287,,,,,,
Indiana,City Electric Supply Crown Point,Crown Point,41.4268703,-87.3527053,,,,,,
Indiana,City Electric Supply Michigan City,Michigan City,41.6837321,-86.9605912,,,,,,
Indiana,City Electric Supply Montgomery,Montgomery,38.6625493,-87.0461181,,,,,,
Indiana,City Electric Supply Lynwood,Lynwood,41.5270386,-87.5656219,,,,,,
Indiana,City Electric Supply Des Plaines,Des Plaines,42.0534741,-87.8882846,,,,,,
Indiana,City Electric Supply Bedford Park,Bedford Park,41.7736521,-87.7551976,,,,,,
Indiana,City Electric Supply Bolingbrook,Bolingbrook,41.6736872,-88.0682476,,,,,,
Indiana,City Electric Supply Northlake,Northlake,41.9043182,-87.9104011,,,,,,
Indiana,City Electric Supply Lake Zurich,Lake Zurich,42.1987115,-88.0717949,,,,,,
Indiana,City Electric Supply Elgin,Elgin,40.5512165,-85.6023643,,,,,,
Indiana,City Electric Supply Skokie,Skokie,39.76909,-86.158018,,,,,,
Indiana,City Electric Supply Rockford,Rockford,42.2247663,-89.029904,,,,,,
Indiana,City Electric Supply Kenosha,Kenosha,40.5512165,-85.6023643,,,,,,
Indiana,City Electric Supply Janesvle,Janesvle,42.7409736,-88.9826709,,,,,,
Indiana,City Electric Supply Gurnee,Gurnee,42.38159,-87.90979,,,,,,
Indiana,City Electric Supply Mchenry,Mchenry,42.3441134,-88.2775918,,,,,,
Indiana,City Electric Supply Woodstock,Woodstock,39.827542,-86.1847104,,,,,,
Indiana,City Electric Supply Lake Vla,Lake Vla,41.4897279,-87.3016132,,,,,,
Indiana,City Electric Supply Lake Geneva,Lake Geneva,40.5512165,-85.6023643,,,,,,
Indiana,All-Phase Electric Supply Michigan City,Michigan City,41.7150062,-86.9019913,,,,,,
Indiana,City Electric Supply Avon,Avon,39.7602939,-86.3723827,,,,,,
Indiana,City Electric Supply Martinsvle,Martinsvle,39.4056689,-86.4452651,,,,,,
Indiana,City Electric Supply Fort Wayne,Fort Wayne,41.1216857,-85.1435146,,,,,,
Indiana,City Electric Supply Fishers,Fishers,39.91385,-86.04029,,,,,,
Indiana,City Electric Supply Indianapolis South,Indianapolis South,39.5917287,-86.1012172,,,,,,
Indiana,City Electric Supply Muncie,Muncie,40.2181049,-85.434995,,,,,,
Indiana,City Electric Supply Indianapolis East,Indianapolis East,39.7992224,-86.0116775,,,,,,
Kansas,City Electric Supply Olathe,Olathe,38.834186,-94.8200598,,,,,,
Kansas,City Electric Supply Merriam,Merriam,39.030814,-94.6879248,,,,,,
Kansas,City Electric Supply Wichita North,Wichita North,37.7536157,-97.2644509,,,,,,
Kansas,City Electric Supply Lenexa,Lenexa,38.9486865,-94.7572842,,,,,,
Kansas,City Electric Supply Wichita Central,Wichita Central,37.676425,-97.327263,,,,,,
Kansas,City Electric Supply Leavenworth,Leavenworth,39.2677118,-94.9258838,,,,,,
Kansas,City Electric Supply - NKC,- NKC,39.127137,-94.5741705,,,,,,
Kansas,City Electric Supply Grandview,Grandview,38.8886591,-94.5290977,,,,,,
Kansas,City Electric Supply Wichita West,Wichita West,37.6726495,-97.394053,,,,,,
Kansas,City Electric Supply Independence,Independence,39.0434507,-94.4191271,,,,,,
Kansas,City Electric Supply Liberty,Liberty,39.2519233,-94.4540897,,,,,,
Michigan,City Electric Supply Oxford,Oxford,42.8247607,-83.2649576,,,,,,
Michigan,City Electric Supply Michigan City,Michigan City,41.6837321,-86.9605912,,,,,,
Michigan,City Electric Supply Novi,Novi,42.48417,-83.49422,,,,,,
Michigan,City Electric Supply Lansing,Lansing,42.696592,-84.641982,,,,,,
Michigan,City Electric Supply Livonia,Livonia,42.3808869,-83.4109335,,,,,,
Michigan,City Electric Supply Brighton,Brighton,42.5692782,-83.8136552,,,,,,
Michigan,City Electric Supply Rochester Hills,Rochester Hills,42.6496678,-83.1651447,,,,,,
Michigan,City Electric Supply Waterford,Waterford,42.6591821,-83.411285,,,,,,
Michigan,City Electric Supply Fenton,Fenton,42.7966292,-83.7324392,,,,,,
Michigan,City Electric Supply Clinton Township,Clinton Township,42.5554509,-82.8820351,,,,,,
Michigan,City Electric Supply Macomb,Macomb,42.6721854,-82.9917312,,,,,,
Michigan,City Electric Supply Ann Arbor,Ann Arbor,42.2280055,-83.7438932,,,,,,
Michigan,City Electric Supply Madison Heights,Madison Heights,42.5276212,-83.0975544,,,,,,
Missouri,City Electric Supply Grandview,Grandview,38.8886591,-94.5290977,,,,,,
Missouri,City Electric Supply Springfield,Springfield,37.2268161,-93.2354051,,,,,,
Missouri,City Electric Supply Independence,Independence,39.0434507,-94.4191271,,,,,,
Missouri,City Electric Supply Warsaw,Warsaw,38.2647682,-93.3701975,,,,,,
Missouri,City Electric Supply Liberty,Liberty,39.2519233,-94.4540897,,,,,,
Missouri,City Electric Supply Branson,Branson,36.6441276,-93.2183384,,,,,,
Missouri,City Electric Supply Warrensburg,Warrensburg,38.7726758,-93.7326175,,,,,,
Missouri,City Electric Supply Lee's Summit,Lee's Summit,38.9595996,-94.367781,,,,,,
Missouri,City Electric Supply - NKC,- NKC,39.127137,-94.5741705,,,,,,
Missouri,City Electric Supply Sedalia,Sedalia,38.7125697,-93.2369357,,,,,,
Missouri,City Electric Supply Merriam,Merriam,39.030814,-94.6879248,,,,,,
Missouri,City Electric Supply Lenexa,Lenexa,38.9486865,-94.7572842,,,,,,
Missouri,City Electric Supply Leavenworth,Leavenworth,39.2677118,-94.9258838,,,,,,
Ohio,City Electric Supply Newark,Newark,40.0163232,-82.4539098,,,,,,
Ohio,City Electric Supply Delaware,Delaware,40.2812097,-83.0941889,,,,,,
Ohio,City Electric Supply Columbus Central,Columbus Central,39.926381,-83.0579823,,,,,,
Ohio,City Electric Supply Springfield,Springfield,39.8924332,-83.7975636,,,,,,
Ohio,City Electric Supply Cincinnati,Cincinnati,39.1695895,-84.4844002,,,,,,
Ohio,City Electric Supply Sharonville,Sharonville,39.2989345,-84.4357298,,,,,,
Ohio,City Electric Supply Sidney,Sidney,40.2842164,-84.1554987,,,,,,
Ohio,City Electric Supply Columbus East,Columbus East,39.9625112,-83.0032218,,,,,,
Ohio,City Electric Supply Troy,Troy,40.0518368,-84.2448534,,,,,,
Ohio,City Electric Supply Beavercreek,Beavercreek,39.7275254,-84.0887976,,,,,,
Ohio,City Electric Supply Columbus North,Columbus North,40.1068022,-82.9984441,,,,,,
Ohio,City Electric Supply Waynesville,Waynesville,39.5471693,-84.1652624,,,,,,
Ohio,City Electric Supply Dayton,Dayton,39.8197295,-84.1634518,,,,,,
Ohio,City Electric Supply Lancaster,Lancaster,39.7116519,-82.6132393,,,,,,
Ohio,City Electric Supply Greenville,Greenville,40.1027908,-84.6328746,,,,,,
Ohio,City Electric Supply Milford,Milford,39.1753377,-84.2943821,,,,,,
Ohio,City Electric Supply Chillicothe,Chillicothe,39.3776114,-82.9748734,,,,,,
Ohio,City Electric Supply Harrison,Harrison,39.2443141,-84.7833077,,,,,,
Ohio,City Electric Supply Hilliard,Hilliard,40.0264478,-83.1230682,,,,,,
Arizona,City Electric Supply Phoenix Airport,Phoenix Airport,33.4224222,-111.9972472,,,,,,
Arizona,City Electric Supply Phoenix Central,Phoenix Central,33.4808405,-112.1242923,,,,,,
Arizona,City Electric Supply Scottsdale,Scottsdale,33.6173918,-111.9123996,,,,,,
Arizona,City Electric Supply Surprise,Surprise,33.642865,-112.3451776,,,,,,
Arizona,City Electric Supply Mesa,Mesa,33.4449447,-111.7340798,,,,,,
Arizona,City Electric Supply Chandler,Chandler,33.3059924,-111.9177843,,,,,,
Arizona,City Electric Supply Phoenix North,Phoenix North,33.711697,-112.094306,,,,,,
Arizona,City Electric Supply Peoria,Peoria,33.5737358,-112.2557373,,,,,,
Arizona,City Electric Supply Tucson,Tucson,32.2511234,-111.0039805,,,,,,
Arizona,City Electric Supply Gilbert,Gilbert,33.2782153,-111.7770584,,,,,,
Arizona,City Electric Supply Gilbert South,Gilbert South,33.2782153,-111.7770584,,,,,,
Arizona,City Electric Supply Sierra Vista,Sierra Vista,31.5575621,-110.2927297,,,,,,
Arizona,City Electric Supply Queen Creek,Queen Creek,33.284006,-111.6624613,,,,,,
Arizona,City Electric Supply Tolleson,Tolleson,33.4472477,-112.289122,,,,,,
Arizona,City Electric Supply Litchfield,Litchfield,33.5233792,-112.4267732,,,,,,
Arizona,City Electric Supply Casa Grande,Casa Grande,32.9469005,-111.7629506,,,,,,
Arizona,City Electric Supply Tucson East,Tucson East,32.2028582,-110.8225498,,,,,,
Arizona,City Electric Supply Tucson South,Tucson South,32.174644,-110.916892,,,,,,
Arizona,City Electric Supply Safford,Safford,32.8351213,-109.7169432,,,,,,
Arizona,City Electric Supply Nogales,Nogales,31.3908218,-110.9634699,,,,,,
California,City Electric Supply Pasadena,Pasadena,34.1500857,-118.0971907,,,,,,
California,City Electric Supply Anaheim,Anaheim,33.84803,-117.97508,,,,,,
California,City Electric Supply Burbank,Burbank,34.1822902,-118.3204371,,,,,,
California,City Electric Supply Long Beach,Long Beach,33.7975926,-118.1519,,,,,,
California,City Electric Supply Escondido,Escondido,33.11919,-117.1062961,,,,,,
California,City Electric Supply Riverside,Riverside,33.9916969,-117.3408087,,,,,,
California,City Electric Supply Corona,Corona,33.8847182,-117.5615678,,,,,,
California,City Electric Supply Ventura,Ventura,34.2853475,-119.3030691,,,,,,
California,City Electric Supply Placentia,Placentia,33.8625394,-117.8254231,,,,,,
California,City Electric Supply San Bernardino,San Bernardino,34.0750367,-117.2537957,,,,,,
California,City Electric Supply Rancho Cucamonga,Rancho Cucamonga,34.1079807,-117.5791625,,,,,,
California,City Electric Supply Costa Mesa,Costa Mesa,33.6785002,-117.9157556,,,,,,
California,City Electric Supply Murrieta,Murrieta,33.52669,-117.17638,,,,,,
California,City Electric Supply Santa Clarita,Santa Clarita,34.4256113,-118.4979269,,,,,,
California,City Electric Supply Westlake,Westlake,34.1574156,-118.8302211,,,,,,
California,City Electric Supply Chula Vista,Chula Vista,32.601094,-117.0816797,,,,,,
California,City Electric Supply Santee,Santee,32.8470588,-116.9630376,,,,,,
California,City Electric Supply Kearny Mesa,Kearny Mesa,32.8294102,-117.14643,,,,,,
California,City Electric Supply Colorado Springs,Colorado Springs,36.778261,-119.4179324,,,,,,
California,City Electric Supply Henderson,Henderson,36.778261,-119.4179324,,,,,,
California,City Electric Supply Arrowhead,Arrowhead,36.778261,-119.4179324,,,,,,
California,City Electric Supply Tucson,Tucson,36.778261,-119.4179324,,,,,,
California,City Electric Supply Vancouver,Vancouver,36.778261,-119.4179324,,,,,,
California,City Electric Supply Columbus Central,Columbus Central,36.778261,-119.4179324,,,,,,
California,City Electric Supply Tucson South,Tucson South,36.778261,-119.4179324,,,,,,
California,City Electric Supply Gurnee,Gurnee,36.778261,-119.4179324,,,,,,
California,City Electric Supply North Las Vegas,North Las Vegas,36.778261,-119.4179324,,,,,,
Colorado,City Electric Supply Denver Central,Denver Central,39.7195416,-105.0196537,,,,,,
Colorado,City Electric Supply Colorado Springs Central,Colorado Springs Central,38.8987712,-104.8278281,,,,,,
Colorado,City Electric Supply Colorado Springs,Colorado Springs,38.8507771,-104.685737,,,,,,
Colorado,City Electric Supply Littleton,Littleton,39.5784077,-105.1380497,,,,,,
Colorado,City Electric Supply Denver South,Denver South,39.5883075,-104.8175539,,,,,,
Colorado,City Electric Supply Stapleton,Stapleton,39.7880406,-104.8472771,,,,,,
Colorado,City Electric Supply Loveland,Loveland,40.4028566,-105.0440103,,,,,,
Colorado,City Electric Supply Frederick,Frederick,39.3984158,-77.3831543,,,,,,
Colorado,City Electric Supply Commerce City,Commerce City,39.813724,-104.9788606,,,,,,
Colorado,City Electric Supply Castle Rock,Castle Rock,39.3839058,-104.8664865,,,,,,
Colorado,City Electric Supply Glenwood Springs,Glenwood Springs,39.5218195,-107.3208285,,,,,,
Colorado,City Electric Supply Fort Collins,Fort Collins,40.5802495,-105.0315658,,,,,,
Colorado,City Electric Supply Englewood,Englewood,39.6776182,-105.0072219,,,,,,
Colorado,City Electric Supply Brighton,Brighton,40.0008762,-104.8135507,,,,,,
Colorado,City Electric Supply Broomfield,Broomfield,39.9228044,-105.0981183,,,,,,
Colorado,City Electric Supply Frisco,Frisco,39.5863657,-106.093238,,,,,,
Colorado,City Electric Supply Longmont,Longmont,40.1501579,-105.1178239,,,,,,
Colorado,City Electric Supply Vail,Vail,39.6217137,-106.477859,,,,,,
Colorado,City Electric Supply Boulder,Boulder,40.0222956,-105.2510643,,,,,,
Colorado,City Electric Supply Greeley,Greeley,40.389738,-104.726236,,,,,,
Colorado,City Electric Supply Montrose,Montrose,38.503264,-107.903706,,,,,,
Colorado,City Electric Supply Steamboat Springs,Steamboat Springs,40.5125981,-106.8547681,,,,,,
Colorado,City Electric Supply Grand Junction,Grand Junction,39.0640086,-108.555593,,,,,,
Nevada,City Electric Supply Central Las Vegas,Central Las Vegas,36.1423856,-115.1701055,,,,,,
Nevada,City Electric Supply Northwest Las Vegas,Northwest Las Vegas,36.2048699,-115.2050521,,,,,,
Nevada,City Electric Supply Henderson,Henderson,36.0412457,-115.0361708,,,,,,
Nevada,City Electric Supply North Las Vegas,North Las Vegas,36.2382992,-115.1160731,,,,,,
Nevada,City Electric Supply East Las Vegas,East Las Vegas,36.1594312,-115.1016757,,,,,,
Nevada,City Electric Supply Decatur Crossing,Decatur Crossing,38.8026097,-116.419389,,,,,,
Nevada,City Electric Supply Arrowhead,Arrowhead,36.0738783,-115.086493,,,,,,
Utah,City Electric Supply Grand Junction,Grand Junction,39.0640086,-108.555593,,,,,,
Utah,City Electric Supply Central Las Vegas,Central Las Vegas,40.7606608,-111.8939487,,,,,,
Utah,City Electric Supply Denver Central,Denver Central,39.7392358,-104.990251,,,,,,
Utah,City Electric Supply Tucson,Tucson,32.2539787,-110.9741769,,,,,,
Utah,City Electric Supply Stapleton,Stapleton,40.7606608,-111.8939487,,,,,,
Utah,City Electric Supply Henderson,Henderson,40.7606608,-111.8939487,,,,,,
Utah,City Electric Supply Montrose,Montrose,38.503264,-107.903706,,,,,,
Utah,City Electric Supply North Las Vegas,North Las Vegas,40.7606608,-111.8939487,,,,,,
Utah,City Electric Supply Northwest Las Vegas,Northwest Las Vegas,40.7606608,-111.8939487,,,,,,
Utah,City Electric Supply Steamboat Springs,Steamboat Springs,40.7606608,-111.8939487,,,,,,
Utah,City Electric Supply Long Beach,Long Beach,40.7606608,-111.8939487,,,,,,
Utah,City Electric Supply Arrowhead,Arrowhead,40.7606608,-111.8939487,,,,,,
Utah,City Electric Supply Headquarters,Headquarters,40.7606608,-111.8939487,,,,,,
Utah,City Electric Supply Tucson South,Tucson South,40.7606608,-111.8939487,,,,,,
Utah,City Electric Supply Decatur Crossing,Decatur Crossing,40.7606608,-111.8939487,,,,,,
Utah,City Electric Supply Vail,Vail,40.7606608,-111.8939487,,,,,,
Utah,City Electric Supply East Las Vegas,East Las Vegas,40.7606608,-111.8939487,,,,,,
Utah,City Electric Supply Midwest City,Midwest City,40.7606608,-111.8939487,,,,,,